{
    "1": {
        "Triplet #": "1",
        "Anchor": "Sweater_wind3_b0.001_m1.7_1.mp4",
        "Positive": "FeltGreen_wind2_b0.001_m1.7_1.mp4",
        "Negative": "Silk_wind1_b100_m1.7_1.mp4",
        "Hardness Score": "3"
    },
    "2": {
        "Triplet #": "2",
        "Anchor": "Fleece_wind3_b10_m1.7_1.mp4",
        "Positive": "Fleece_wind3_b10_m1.7_1.mp4",
        "Negative": "Fleece_wind1_b1_m1.7_1.mp4",
        "Hardness Score": "4"
    },
    "3": {
        "Triplet #": "3",
        "Anchor": "Bro_wind3_b0.01_m0.1_1.mp4",
        "Positive": "Silk_wind2_b0.01_m0.1_1.mp4",
        "Negative": "Fleece_wind1_b10_m0.1_1.mp4",
        "Hardness Score": "5"
    },
    "4": {
        "Triplet #": "4",
        "Anchor": "Silk_wind1_b0.01_m0.7_1.mp4",
        "Positive": "Silk_wind1_b0.01_m1_1.mp4",
        "Negative": "Bro_wind1_b0.001_m1.7_1.mp4",
        "Hardness Score": "5"
    },
    "5": {
        "Triplet #": "5",
        "Anchor": "Sweater_wind1_b0.1_m1_1.mp4",
        "Positive": "Bro_wind2_b0.1_m1_1.mp4",
        "Negative": "Silk_wind1_b0.01_m1_1.mp4",
        "Hardness Score": "6"
    },
    "6": {
        "Triplet #": "6",
        "Anchor": "Sha_wind2_b0.01_m1.3_1.mp4",
        "Positive": "Bro_wind2_b0.01_m1.3_1.mp4",
        "Negative": "FeltGreen_wind2_b1_m1.3_1.mp4",
        "Hardness Score": "5"
    },
    "7": {
        "Triplet #": "7",
        "Anchor": "Silk_wind3_b1_m1.7_1.mp4",
        "Positive": "FeltGreen_wind2_b1_m1.7_1.mp4",
        "Negative": "FeltGreen_wind2_b0.001_m1.7_1.mp4",
        "Hardness Score": "4"
    },
    "8": {
        "Triplet #": "8",
        "Anchor": "Fleece_wind1_b0.01_m1.3_1.mp4",
        "Positive": "Sha_wind1_b0.01_m1_1.mp4",
        "Negative": "Sweater_wind2_b0.1_m0.7_1.mp4",
        "Hardness Score": "2"
    },
    "9": {
        "Triplet #": "9",
        "Anchor": "Cotton_wind3_b100_m0.1_1.mp4",
        "Positive": "Bro_wind3_b100_m1_1.mp4",
        "Negative": "FeltGreen_wind2_b0.1_m1.7_1.mp4",
        "Hardness Score": "2"
    },
    "10": {
        "Triplet #": "10",
        "Anchor": "Fleece_wind3_b0.001_m0.1_1.mp4",
        "Positive": "Sha_wind1_b0.001_m1.3_1.mp4",
        "Negative": "FeltGreen_wind3_b0.01_m0.3_1.mp4",
        "Hardness Score": "4"
    },
    "11": {
        "Triplet #": "11",
        "Anchor": "Sha_wind3_b0.1_m0.1_1.mp4",
        "Positive": "Cotton_wind3_b0.1_m0.5_1.mp4",
        "Negative": "Sha_wind1_b100_m0.5_1.mp4",
        "Hardness Score": "4"
    },
    "12": {
        "Triplet #": "12",
        "Anchor": "Sweater_wind1_b0.001_m1_1.mp4",
        "Positive": "FeltGreen_wind3_b0.001_m0.3_1.mp4",
        "Negative": "Silk_wind3_b1_m0.7_1.mp4",
        "Hardness Score": "8"
    },
    "13": {
        "Triplet #": "13",
        "Anchor": "Fleece_wind2_b0.1_m1.3_1.mp4",
        "Positive": "Fleece_wind1_b0.1_m1.3_1.mp4",
        "Negative": "Cotton_wind3_b1_m1.3_1.mp4",
        "Hardness Score": "1"
    },
    "14": {
        "Triplet #": "14",
        "Anchor": "FeltGreen_wind2_b10_m1_1.mp4",
        "Positive": "Fleece_wind2_b10_m0.1_1.mp4",
        "Negative": "Silk_wind2_b1_m0.1_1.mp4",
        "Hardness Score": "5"
    },
    "15": {
        "Triplet #": "15",
        "Anchor": "Bro_wind2_b10_m0.3_1.mp4",
        "Positive": "FeltGreen_wind1_b10_m0.3_1.mp4",
        "Negative": "FeltGreen_wind2_b100_m1.3_1.mp4",
        "Hardness Score": "3"
    },
    "16": {
        "Triplet #": "16",
        "Anchor": "FeltGreen_wind2_b10_m1.3_1.mp4",
        "Positive": "Bro_wind2_b10_m0.1_1.mp4",
        "Negative": "Cotton_wind1_b0.001_m0.1_1.mp4",
        "Hardness Score": "3"
    },
    "17": {
        "Triplet #": "17",
        "Anchor": "FeltGreen_wind1_b1_m0.5_1.mp4",
        "Positive": "Sha_wind3_b1_m1.3_1.mp4",
        "Negative": "Silk_wind2_b0.1_m1.7_1.mp4",
        "Hardness Score": "7"
    },
    "18": {
        "Triplet #": "18",
        "Anchor": "FeltGreen_wind2_b0.01_m1.7_1.mp4",
        "Positive": "Bro_wind1_b0.01_m1.7_1.mp4",
        "Negative": "Fleece_wind2_b100_m1.7_1.mp4",
        "Hardness Score": "4"
    },
    "19": {
        "Triplet #": "19",
        "Anchor": "Fleece_wind3_b1_m0.3_1.mp4",
        "Positive": "Silk_wind3_b1_m1.7_1.mp4",
        "Negative": "FeltGreen_wind2_b0.001_m0.1_1.mp4",
        "Hardness Score": "3"
    },
    "20": {
        "Triplet #": "20",
        "Anchor": "Sweater_wind2_b10_m1.7_1.mp4",
        "Positive": "Cotton_wind3_b10_m1.3_1.mp4",
        "Negative": "FeltGreen_wind2_b0.01_m1.7_1.mp4",
        "Hardness Score": "4"
    },
    "21": {
        "Triplet #": "21",
        "Anchor": "Silk_wind1_b0.01_m1.7_1.mp4",
        "Positive": "Sha_wind3_b0.01_m1.3_1.mp4",
        "Negative": "Sweater_wind2_b0.1_m1_1.mp4",
        "Hardness Score": "3"
    },
    "22": {
        "Triplet #": "22",
        "Anchor": "Cotton_wind1_b0.01_m0.1_1.mp4",
        "Positive": "Sweater_wind1_b0.01_m1_1.mp4",
        "Negative": "Cotton_wind2_b10_m1_1.mp4",
        "Hardness Score": "4"
    },
    "23": {
        "Triplet #": "23",
        "Anchor": "Sweater_wind3_b0.01_m0.5_1.mp4",
        "Positive": "Sha_wind3_b0.01_m0.3_1.mp4",
        "Negative": "Sha_wind3_b0.1_m0.7_1.mp4",
        "Hardness Score": "4"
    },
    "24": {
        "Triplet #": "24",
        "Anchor": "Sweater_wind1_b10_m1.7_1.mp4",
        "Positive": "Cotton_wind3_b10_m1.7_1.mp4",
        "Negative": "FeltGreen_wind3_b100_m1.7_1.mp4",
        "Hardness Score": "3"
    },
    "25": {
        "Triplet #": "25",
        "Anchor": "Fleece_wind2_b10_m0.5_1.mp4",
        "Positive": "Bro_wind1_b10_m0.5_1.mp4",
        "Negative": "FeltGreen_wind2_b100_m0.5_1.mp4",
        "Hardness Score": "2"
    },
    "26": {
        "Triplet #": "26",
        "Anchor": "FeltGreen_wind2_b100_m1.7_1.mp4",
        "Positive": "Sweater_wind3_b100_m1.7_1.mp4",
        "Negative": "Cotton_wind1_b0.01_m1.7_1.mp4",
        "Hardness Score": "4"
    },
    "27": {
        "Triplet #": "27",
        "Anchor": "Fleece_wind2_b0.01_m0.5_1.mp4",
        "Positive": "Cotton_wind3_b0.01_m0.5_1.mp4",
        "Negative": "Bro_wind3_b1_m0.5_1.mp4",
        "Hardness Score": "7"
    },
    "28": {
        "Triplet #": "28",
        "Anchor": "Silk_wind1_b10_m0.3_1.mp4",
        "Positive": "Cotton_wind1_b10_m0.3_1.mp4",
        "Negative": "FeltGreen_wind2_b1_m0.3_1.mp4",
        "Hardness Score": "5"
    },
    "29": {
        "Triplet #": "29",
        "Anchor": "Sha_wind3_b100_m0.1_1.mp4",
        "Positive": "Sha_wind1_b100_m0.1_1.mp4",
        "Negative": "Sweater_wind3_b1_m0.1_1.mp4",
        "Hardness Score": "4"
    },
    "30": {
        "Triplet #": "30",
        "Anchor": "Silk_wind1_b100_m0.3_1.mp4",
        "Positive": "Sha_wind3_b100_m0.1_1.mp4",
        "Negative": "Sweater_wind2_b10_m0.1_1.mp4",
        "Hardness Score": "6"
    },
    "31": {
        "Triplet #": "31",
        "Anchor": "Fleece_wind1_b0.1_m0.1_1.mp4",
        "Positive": "Sweater_wind3_b0.1_m0.1_1.mp4",
        "Negative": "Sha_wind2_b1_m0.1_1.mp4",
        "Hardness Score": "2"
    },
    "32": {
        "Triplet #": "32",
        "Anchor": "Bro_wind3_b100_m0.7_1.mp4",
        "Positive": "Cotton_wind3_b100_m0.5_1.mp4",
        "Negative": "Sweater_wind1_b0.1_m1.7_1.mp4",
        "Hardness Score": "2"
    },
    "33": {
        "Triplet #": "33",
        "Anchor": "Cotton_wind1_b100_m0.1_1.mp4",
        "Positive": "Fleece_wind1_b100_m0.1_1.mp4",
        "Negative": "Cotton_wind3_b0.01_m0.1_1.mp4",
        "Hardness Score": "3"
    },
    "34": {
        "Triplet #": "34",
        "Anchor": "Sha_wind3_b10_m1.7_1.mp4",
        "Positive": "FeltGreen_wind1_b10_m1.3_1.mp4",
        "Negative": "Sha_wind1_b0.001_m0.7_1.mp4",
        "Hardness Score": "6"
    },
    "35": {
        "Triplet #": "35",
        "Anchor": "Bro_wind1_b10_m1.3_1.mp4",
        "Positive": "Sha_wind3_b10_m1.3_1.mp4",
        "Negative": "Fleece_wind1_b100_m1.3_1.mp4",
        "Hardness Score": "2"
    },
    "36": {
        "Triplet #": "36",
        "Anchor": "Sweater_wind3_b0.1_m1.3_1.mp4",
        "Positive": "Fleece_wind1_b0.1_m0.5_1.mp4",
        "Negative": "Bro_wind1_b100_m1.3_1.mp4",
        "Hardness Score": "8"
    },
    "37": {
        "Triplet #": "37",
        "Anchor": "Sweater_wind1_b0.1_m0.3_1.mp4",
        "Positive": "Fleece_wind3_b0.1_m0.5_1.mp4",
        "Negative": "Sha_wind1_b1_m1.7_1.mp4",
        "Hardness Score": "3"
    },
    "38": {
        "Triplet #": "38",
        "Anchor": "Sweater_wind1_b10_m1.7_1.mp4",
        "Positive": "Sha_wind1_b10_m1.7_1.mp4",
        "Negative": "Fleece_wind1_b0.01_m1.3_1.mp4",
        "Hardness Score": "1"
    },
    "39": {
        "Triplet #": "39",
        "Anchor": "Silk_wind2_b100_m0.1_1.mp4",
        "Positive": "Sha_wind3_b100_m0.1_1.mp4",
        "Negative": "FeltGreen_wind3_b0.001_m0.1_1.mp4",
        "Hardness Score": "4"
    },
    "40": {
        "Triplet #": "40",
        "Anchor": "Cotton_wind2_b10_m1_1.mp4",
        "Positive": "Silk_wind3_b10_m1_1.mp4",
        "Negative": "Cotton_wind2_b100_m1.3_1.mp4",
        "Hardness Score": "2"
    },
    "41": {
        "Triplet #": "41",
        "Anchor": "Bro_wind1_b1_m0.1_1.mp4",
        "Positive": "Sweater_wind3_b1_m0.1_1.mp4",
        "Negative": "Bro_wind2_b100_m0.1_1.mp4",
        "Hardness Score": "6"
    },
    "42": {
        "Triplet #": "42",
        "Anchor": "Sweater_wind2_b0.1_m1.3_1.mp4",
        "Positive": "Bro_wind1_b0.1_m0.7_1.mp4",
        "Negative": "Cotton_wind1_b0.01_m0.5_1.mp4",
        "Hardness Score": "8"
    },
    "43": {
        "Triplet #": "43",
        "Anchor": "Sweater_wind3_b1_m0.1_1.mp4",
        "Positive": "Sha_wind1_b1_m0.1_1.mp4",
        "Negative": "Cotton_wind3_b10_m0.1_1.mp4",
        "Hardness Score": "2"
    },
    "44": {
        "Triplet #": "44",
        "Anchor": "FeltGreen_wind2_b0.1_m1.7_1.mp4",
        "Positive": "Sha_wind2_b0.1_m0.1_1.mp4",
        "Negative": "Sweater_wind3_b0.01_m0.5_1.mp4",
        "Hardness Score": "7"
    },
    "45": {
        "Triplet #": "45",
        "Anchor": "Bro_wind2_b100_m0.7_1.mp4",
        "Positive": "Cotton_wind2_b100_m0.7_1.mp4",
        "Negative": "Cotton_wind1_b0.1_m0.7_1.mp4",
        "Hardness Score": "2"
    },
    "46": {
        "Triplet #": "46",
        "Anchor": "Silk_wind3_b10_m0.5_1.mp4",
        "Positive": "FeltGreen_wind2_b10_m0.5_1.mp4",
        "Negative": "Bro_wind2_b0.01_m0.5_1.mp4",
        "Hardness Score": "3"
    },
    "47": {
        "Triplet #": "47",
        "Anchor": "Silk_wind2_b100_m0.3_1.mp4",
        "Positive": "Fleece_wind2_b100_m0.5_1.mp4",
        "Negative": "Sha_wind1_b1_m0.5_1.mp4",
        "Hardness Score": "4"
    },
    "48": {
        "Triplet #": "48",
        "Anchor": "Fleece_wind2_b0.01_m0.7_1.mp4",
        "Positive": "Silk_wind1_b0.01_m0.7_1.mp4",
        "Negative": "Bro_wind1_b1_m0.7_1.mp4",
        "Hardness Score": "7"
    },
    "49": {
        "Triplet #": "49",
        "Anchor": "Bro_wind2_b100_m1_1.mp4",
        "Positive": "Sha_wind2_b100_m1_1.mp4",
        "Negative": "Silk_wind1_b0.01_m1.3_1.mp4",
        "Hardness Score": "3"
    },
    "50": {
        "Triplet #": "50",
        "Anchor": "Cotton_wind3_b0.1_m0.3_1.mp4",
        "Positive": "Silk_wind3_b0.1_m0.3_1.mp4",
        "Negative": "Silk_wind2_b1_m0.3_1.mp4",
        "Hardness Score": "2"
    }
}